{"cameraMode":{"drawMode":0,"name":"Shaded","section":"Shading Mode"},"sceneLighting":false,"audioPlay":false,"sceneViewState":{"showFog":false,"showMaterialUpdate":false,"showSkybox":false,"showFlares":false,"showImageEffects":false,"showParticleSystems":true},"in2DMode":false,"pivot":{"x":0.24530401825904847,"y":1.9171756505966187,"z":1.5088074207305909},"rotation":{"x":-0.13280680775642396,"y":-0.811585545539856,"z":0.2027486264705658,"w":-0.5315999388694763},"size":0.00005715767838410102,"orthographic":false}