{"cameraMode":{"drawMode":0,"name":"Shaded","section":"Shading Mode"},"sceneLighting":false,"audioPlay":false,"sceneViewState":{"showFog":false,"showMaterialUpdate":false,"showSkybox":false,"showFlares":false,"showImageEffects":false,"showParticleSystems":true},"in2DMode":false,"pivot":{"x":0.25344154238700869,"y":-0.17897038161754609,"z":0.2232581377029419},"rotation":{"x":-0.2720869779586792,"y":0.3220142722129822,"z":-0.09665261209011078,"w":-0.9020199775695801},"size":2.2578840255737306,"orthographic":false}