{"cameraMode":{"drawMode":0,"name":"Shaded","section":"Shading Mode"},"sceneLighting":false,"audioPlay":false,"sceneViewState":{"showFog":false,"showMaterialUpdate":false,"showSkybox":false,"showFlares":false,"showImageEffects":false,"showParticleSystems":true},"in2DMode":false,"pivot":{"x":-3.2066287994384767,"y":1.2831172943115235,"z":-0.03420852869749069},"rotation":{"x":0.24815012514591218,"y":-0.023240365087985994,"z":0.0059248111210763458,"w":0.9685689210891724},"size":3.44372296333313,"orthographic":false}