{"cameraMode":{"drawMode":0,"name":"Shaded","section":"Shading Mode"},"sceneLighting":true,"audioPlay":false,"sceneViewState":{"showFog":false,"showMaterialUpdate":false,"showSkybox":false,"showFlares":false,"showImageEffects":false,"showParticleSystems":true},"in2DMode":false,"pivot":{"x":-0.008790059015154839,"y":-2.862199068069458,"z":9.527645111083985},"rotation":{"x":0.3377480208873749,"y":0.5561773777008057,"z":-0.26373183727264407,"w":0.7121993899345398},"size":35.7027702331543,"orthographic":false}