{"cameraMode":{"drawMode":0,"name":"Shaded","section":"Shading Mode"},"sceneLighting":false,"audioPlay":false,"sceneViewState":{"showFog":false,"showMaterialUpdate":false,"showSkybox":false,"showFlares":false,"showImageEffects":false,"showParticleSystems":true},"in2DMode":false,"pivot":{"x":-0.059475794434547427,"y":9.233552932739258,"z":-4.321012496948242},"rotation":{"x":-0.547529935836792,"y":-0.006785515695810318,"z":0.004484693519771099,"w":-0.8369719386100769},"size":2.462085008621216,"orthographic":false}