{"cameraMode":{"drawMode":0,"name":"Shaded","section":"Shading Mode"},"sceneLighting":false,"audioPlay":false,"sceneViewState":{"showFog":false,"showMaterialUpdate":false,"showSkybox":false,"showFlares":false,"showImageEffects":false,"showParticleSystems":true},"in2DMode":false,"pivot":{"x":0.6300032138824463,"y":2.920912265777588,"z":-1.1531381607055665},"rotation":{"x":-0.3087312579154968,"y":-0.0005328019033186138,"z":0.0003371977072674781,"w":-0.951315701007843},"size":3.44372296333313,"orthographic":false}