{"cameraMode":{"drawMode":0,"name":"Shaded","section":"Shading Mode"},"sceneLighting":true,"audioPlay":false,"sceneViewState":{"showFog":false,"showMaterialUpdate":false,"showSkybox":false,"showFlares":false,"showImageEffects":false,"showParticleSystems":true},"in2DMode":false,"pivot":{"x":-14.423585891723633,"y":14.150875091552735,"z":-7.880782127380371},"rotation":{"x":-0.26087114214897158,"y":-0.3109451234340668,"z":0.08917989581823349,"w":-0.9095709919929504},"size":1.9800881147384644,"orthographic":false}