{"cameraMode":{"drawMode":0,"name":"Shaded","section":"Shading Mode"},"sceneLighting":true,"audioPlay":false,"sceneViewState":{"showFog":false,"showMaterialUpdate":false,"showSkybox":false,"showFlares":false,"showImageEffects":false,"showParticleSystems":true},"in2DMode":false,"pivot":{"x":-25.16807746887207,"y":33.158294677734378,"z":51.006256103515628},"rotation":{"x":-0.23817941546440125,"y":-0.10275629162788391,"z":0.02522430755198002,"w":-0.9656742811203003},"size":105.66448211669922,"orthographic":false}