{"cameraMode":{"drawMode":0,"name":"Shaded","section":"Shading Mode"},"sceneLighting":true,"audioPlay":false,"sceneViewState":{"showFog":false,"showMaterialUpdate":false,"showSkybox":false,"showFlares":false,"showImageEffects":false,"showParticleSystems":true},"in2DMode":false,"pivot":{"x":11.14519214630127,"y":-14.32592487335205,"z":16.748062133789064},"rotation":{"x":-0.362896591424942,"y":-0.21997980773448945,"z":0.0885477066040039,"w":-0.9011965990066528},"size":32.43008041381836,"orthographic":false}