{"cameraMode":{"drawMode":0,"name":"Shaded","section":"Shading Mode"},"sceneLighting":false,"audioPlay":false,"sceneViewState":{"showFog":false,"showMaterialUpdate":false,"showSkybox":false,"showFlares":false,"showImageEffects":false,"showParticleSystems":true},"in2DMode":false,"pivot":{"x":5.567410469055176,"y":-11.135213851928711,"z":8.29869270324707},"rotation":{"x":0.4199773371219635,"y":0.13131338357925416,"z":-0.06152436509728432,"w":0.8960099220275879},"size":38.8478889465332,"orthographic":false}