{"cameraMode":{"drawMode":0,"name":"Shaded","section":"Shading Mode"},"sceneLighting":true,"audioPlay":false,"sceneViewState":{"showFog":false,"showMaterialUpdate":false,"showSkybox":false,"showFlares":false,"showImageEffects":false,"showParticleSystems":true},"in2DMode":false,"pivot":{"x":4.378748893737793,"y":-10.432442665100098,"z":35.806068420410159},"rotation":{"x":-0.2407517433166504,"y":-0.0413375087082386,"z":0.010753949172794819,"w":-0.9699803590774536},"size":26.14091682434082,"orthographic":false}