{"cameraMode":{"drawMode":0,"name":"Shaded","section":"Shading Mode"},"sceneLighting":false,"audioPlay":false,"sceneViewState":{"showFog":false,"showMaterialUpdate":false,"showSkybox":false,"showFlares":false,"showImageEffects":false,"showParticleSystems":true},"in2DMode":false,"pivot":{"x":10.822720527648926,"y":-10.401429176330567,"z":10.330305099487305},"rotation":{"x":-0.2408698946237564,"y":-0.4599528908729553,"z":0.13122178614139558,"w":-0.8447174429893494},"size":28.54653549194336,"orthographic":false}