{"cameraMode":{"drawMode":0,"name":"Shaded","section":"Shading Mode"},"sceneLighting":false,"audioPlay":false,"sceneViewState":{"showFog":false,"showMaterialUpdate":false,"showSkybox":false,"showFlares":false,"showImageEffects":false,"showParticleSystems":true},"in2DMode":false,"pivot":{"x":0.8634357452392578,"y":0.58314049243927,"z":0.811725378036499},"rotation":{"x":-0.4254799783229828,"y":-0.08040556311607361,"z":0.03817334026098251,"w":-0.9007536172866821},"size":3.44372296333313,"orthographic":false}