{"cameraMode":{"drawMode":0,"name":"Shaded","section":"Shading Mode"},"sceneLighting":true,"audioPlay":false,"sceneViewState":{"showFog":false,"showMaterialUpdate":false,"showSkybox":false,"showFlares":false,"showImageEffects":false,"showParticleSystems":true},"in2DMode":false,"pivot":{"x":-76.09640502929688,"y":24.50559425354004,"z":35.83782196044922},"rotation":{"x":0.14074113965034486,"y":0.6325958371162415,"z":-0.11818312853574753,"w":0.7525249123573303},"size":70.3623046875,"orthographic":false}