{"cameraMode":{"drawMode":0,"name":"Shaded","section":"Shading Mode"},"sceneLighting":false,"audioPlay":false,"sceneViewState":{"showFog":false,"showMaterialUpdate":false,"showSkybox":false,"showFlares":false,"showImageEffects":false,"showParticleSystems":true},"in2DMode":false,"pivot":{"x":-2.296478748321533,"y":2.218074083328247,"z":-3.9630720615386965},"rotation":{"x":0.15987607836723329,"y":0.19378399848937989,"z":-0.032296158373355868,"w":0.9675757884979248},"size":4.088563442230225,"orthographic":false}