{"cameraMode":{"drawMode":0,"name":"Shaded","section":"Shading Mode"},"sceneLighting":true,"audioPlay":false,"sceneViewState":{"showFog":false,"showMaterialUpdate":false,"showSkybox":false,"showFlares":false,"showImageEffects":false,"showParticleSystems":true},"in2DMode":false,"pivot":{"x":-11.38800048828125,"y":-53.31746292114258,"z":44.74606704711914},"rotation":{"x":-0.4067634046077728,"y":0.1057608500123024,"z":-0.04718531668186188,"w":-0.9063851237297058},"size":88.40892028808594,"orthographic":false}