{"cameraMode":{"drawMode":0,"name":"Shaded","section":"Shading Mode"},"sceneLighting":true,"audioPlay":false,"sceneViewState":{"showFog":false,"showMaterialUpdate":false,"showSkybox":false,"showFlares":false,"showImageEffects":false,"showParticleSystems":true},"in2DMode":false,"pivot":{"x":34.40461349487305,"y":-48.48606491088867,"z":20.654476165771486},"rotation":{"x":-0.3002551198005676,"y":-0.5297691226005554,"z":0.20804555714130402,"w":-0.7658970355987549},"size":120.93099975585938,"orthographic":false}