{"cameraMode":{"drawMode":0,"name":"Shaded","section":"Shading Mode"},"sceneLighting":true,"audioPlay":false,"sceneViewState":{"showFog":false,"showMaterialUpdate":false,"showSkybox":false,"showFlares":false,"showImageEffects":false,"showParticleSystems":true},"in2DMode":false,"pivot":{"x":-0.11010875552892685,"y":-16.17363166809082,"z":14.547966957092286},"rotation":{"x":0.4569628834724426,"y":0.5332155227661133,"z":-0.42855942249298098,"w":0.5689973831176758},"size":25.105653762817384,"orthographic":false}