{"cameraMode":{"drawMode":0,"name":"Shaded","section":"Shading Mode"},"sceneLighting":false,"audioPlay":false,"sceneViewState":{"showFog":false,"showMaterialUpdate":false,"showSkybox":false,"showFlares":false,"showImageEffects":false,"showParticleSystems":true},"in2DMode":false,"pivot":{"x":-0.5257055759429932,"y":0.7244024276733398,"z":1.6125988960266114},"rotation":{"x":0.32857006788253786,"y":0.019464608281850816,"z":-0.007074358407407999,"w":0.9444404244422913},"size":3.188563346862793,"orthographic":false}