{"cameraMode":{"drawMode":0,"name":"Shaded","section":"Shading Mode"},"sceneLighting":false,"audioPlay":false,"sceneViewState":{"showFog":false,"showMaterialUpdate":false,"showSkybox":false,"showFlares":false,"showImageEffects":false,"showParticleSystems":true},"in2DMode":false,"pivot":{"x":0.28096532821655276,"y":-0.025603771209716798,"z":-0.36853301525115969},"rotation":{"x":-0.20900742709636689,"y":-0.42370322346687319,"z":0.10118284076452255,"w":-0.8757413029670715},"size":2.8578836917877199,"orthographic":false}