{"cameraMode":{"drawMode":0,"name":"Shaded","section":"Shading Mode"},"sceneLighting":true,"audioPlay":false,"sceneViewState":{"showFog":false,"showMaterialUpdate":false,"showSkybox":false,"showFlares":false,"showImageEffects":false,"showParticleSystems":true},"in2DMode":false,"pivot":{"x":-0.06342589855194092,"y":2.425684928894043,"z":1.0280520915985108},"rotation":{"x":-0.304788738489151,"y":-0.17680343985557557,"z":0.05760074779391289,"w":-0.9343500733375549},"size":2.000518798828125,"orthographic":false}