{"cameraMode":{"drawMode":0,"name":"Shaded","section":"Shading Mode"},"sceneLighting":false,"audioPlay":false,"sceneViewState":{"showFog":false,"showMaterialUpdate":false,"showSkybox":false,"showFlares":false,"showImageEffects":false,"showParticleSystems":true},"in2DMode":false,"pivot":{"x":-0.9206303954124451,"y":7.876979351043701,"z":-7.198946952819824},"rotation":{"x":0.33703339099884035,"y":0.02222435176372528,"z":-0.008260511793196202,"w":0.9413827061653137},"size":4.088563442230225,"orthographic":false}