{"cameraMode":{"drawMode":0,"name":"Shaded","section":"Shading Mode"},"sceneLighting":false,"audioPlay":false,"sceneViewState":{"showFog":false,"showMaterialUpdate":false,"showSkybox":false,"showFlares":false,"showImageEffects":false,"showParticleSystems":true},"in2DMode":false,"pivot":{"x":7.261354446411133,"y":-9.446277618408204,"z":9.019845008850098},"rotation":{"x":-0.20376111567020417,"y":-0.4461553990840912,"z":0.10512692481279373,"w":-0.8652406930923462},"size":26.14091682434082,"orthographic":false}