{"cameraMode":{"drawMode":0,"name":"Shaded","section":"Shading Mode"},"sceneLighting":true,"audioPlay":false,"sceneViewState":{"showFog":false,"showMaterialUpdate":false,"showSkybox":false,"showFlares":false,"showImageEffects":false,"showParticleSystems":true},"in2DMode":false,"pivot":{"x":-5.3763298988342289,"y":-0.4818003177642822,"z":34.158470153808597},"rotation":{"x":0.2003210335969925,"y":0.46391767263412478,"z":-0.10851186513900757,"w":0.8562514781951904},"size":6.772008895874023,"orthographic":false}