{"cameraMode":{"drawMode":0,"name":"Shaded","section":"Shading Mode"},"sceneLighting":true,"audioPlay":false,"sceneViewState":{"showFog":false,"showMaterialUpdate":false,"showSkybox":false,"showFlares":false,"showImageEffects":false,"showParticleSystems":true},"in2DMode":false,"pivot":{"x":-1.2292885780334473,"y":1.5958077907562256,"z":11.019558906555176},"rotation":{"x":0.40340933203697207,"y":0.4946112334728241,"z":-0.27794551849365237,"w":0.7182806134223938},"size":1.8290458917617798,"orthographic":false}