{"cameraMode":{"drawMode":0,"name":"Shaded","section":"Shading Mode"},"sceneLighting":true,"audioPlay":false,"sceneViewState":{"showFog":false,"showMaterialUpdate":false,"showSkybox":false,"showFlares":false,"showImageEffects":false,"showParticleSystems":true},"in2DMode":false,"pivot":{"x":80.81318664550781,"y":-84.93927764892578,"z":30.60158920288086},"rotation":{"x":-0.3372894525527954,"y":-0.5521935820579529,"z":0.2598333954811096,"w":-0.7168022990226746},"size":267.07354736328127,"orthographic":false}