{"cameraMode":{"drawMode":0,"name":"Shaded","section":"Shading Mode"},"sceneLighting":true,"audioPlay":false,"sceneViewState":{"showFog":false,"showMaterialUpdate":false,"showSkybox":false,"showFlares":false,"showImageEffects":false,"showParticleSystems":true},"in2DMode":false,"pivot":{"x":1.3303413391113282,"y":11.352479934692383,"z":22.37125015258789},"rotation":{"x":-0.26504650712013247,"y":-0.7155832648277283,"z":0.34874069690704348,"w":-0.544497549533844},"size":120.93099975585938,"orthographic":false}