{"cameraMode":{"drawMode":0,"name":"Shaded","section":"Shading Mode"},"sceneLighting":true,"audioPlay":false,"sceneViewState":{"showFog":false,"showMaterialUpdate":false,"showSkybox":false,"showFlares":false,"showImageEffects":false,"showParticleSystems":true},"in2DMode":false,"pivot":{"x":-114.66464233398438,"y":137.60523986816407,"z":-25.285707473754884},"rotation":{"x":0.3028528094291687,"y":0.44606825709342959,"z":-0.16348768770694734,"w":0.8263095617294312},"size":22.0,"orthographic":false}