{"cameraMode":{"drawMode":0,"name":"Shaded","section":"Shading Mode"},"sceneLighting":true,"audioPlay":false,"sceneViewState":{"showFog":false,"showMaterialUpdate":false,"showSkybox":false,"showFlares":false,"showImageEffects":false,"showParticleSystems":true},"in2DMode":false,"pivot":{"x":14.574243545532227,"y":0.1638510674238205,"z":-1.9529277086257935},"rotation":{"x":-0.11844959110021591,"y":-0.7031128406524658,"z":0.12057299166917801,"w":-0.6909448504447937},"size":38.751949310302737,"orthographic":false}