{"cameraMode":{"drawMode":0,"name":"Shaded","section":"Shading Mode"},"sceneLighting":true,"audioPlay":false,"sceneViewState":{"showFog":false,"showMaterialUpdate":false,"showSkybox":false,"showFlares":false,"showImageEffects":false,"showParticleSystems":true},"in2DMode":false,"pivot":{"x":-0.09409622848033905,"y":-10.907113075256348,"z":21.713407516479493},"rotation":{"x":-0.35556933283805849,"y":-0.16210632026195527,"z":0.06292030960321427,"w":-0.9187032580375671},"size":22.0,"orthographic":false}