{"cameraMode":{"drawMode":0,"name":"Shaded","section":"Shading Mode"},"sceneLighting":true,"audioPlay":false,"sceneViewState":{"showFog":false,"showMaterialUpdate":false,"showSkybox":false,"showFlares":false,"showImageEffects":false,"showParticleSystems":true},"in2DMode":false,"pivot":{"x":-12.567646026611329,"y":47.36151123046875,"z":300.42523193359377},"rotation":{"x":-0.3249983489513397,"y":-0.1642819494009018,"z":0.057635895907878879,"w":-0.9297693371772766},"size":120.93098449707031,"orthographic":false}