{"cameraMode":{"drawMode":0,"name":"Shaded","section":"Shading Mode"},"sceneLighting":true,"audioPlay":false,"sceneViewState":{"showFog":false,"showMaterialUpdate":false,"showSkybox":false,"showFlares":false,"showImageEffects":false,"showParticleSystems":true},"in2DMode":false,"pivot":{"x":-3.790635108947754,"y":9.087474822998047,"z":12.424100875854493},"rotation":{"x":0.2087445855140686,"y":0.22794783115386964,"z":-0.05001212656497955,"w":0.9498497247695923},"size":22.0,"orthographic":false}