{"cameraMode":{"drawMode":0,"name":"Shaded","section":"Shading Mode"},"sceneLighting":true,"audioPlay":false,"sceneViewState":{"showFog":false,"showMaterialUpdate":false,"showSkybox":false,"showFlares":false,"showImageEffects":false,"showParticleSystems":true},"in2DMode":false,"pivot":{"x":-2.8442153930664064,"y":4.015598773956299,"z":8.97258186340332},"rotation":{"x":-0.4037572741508484,"y":-0.5151219964027405,"z":0.29961517453193667,"w":-0.6941734552383423},"size":0.00005720692206523381,"orthographic":false}