{"cameraMode":{"drawMode":0,"name":"Shaded","section":"Shading Mode"},"sceneLighting":false,"audioPlay":false,"sceneViewState":{"showFog":false,"showMaterialUpdate":false,"showSkybox":false,"showFlares":false,"showImageEffects":false,"showParticleSystems":true},"in2DMode":false,"pivot":{"x":-2.1753134727478029,"y":7.038794994354248,"z":-5.161311149597168},"rotation":{"x":-0.28844648599624636,"y":-0.039368029683828357,"z":0.011896846815943718,"w":-0.9567941427230835},"size":2.462085008621216,"orthographic":false}