{"cameraMode":{"drawMode":0,"name":"Shaded","section":"Shading Mode"},"sceneLighting":false,"audioPlay":false,"sceneViewState":{"showFog":false,"showMaterialUpdate":false,"showSkybox":false,"showFlares":false,"showImageEffects":false,"showParticleSystems":true},"in2DMode":false,"pivot":{"x":-2.08880615234375,"y":-12.718130111694336,"z":8.607141494750977},"rotation":{"x":0.4199773371219635,"y":0.13131338357925416,"z":-0.06152436509728432,"w":0.8960099220275879},"size":26.14091682434082,"orthographic":false}