{"cameraMode":{"drawMode":0,"name":"Shaded","section":"Shading Mode"},"sceneLighting":false,"audioPlay":false,"sceneViewState":{"showFog":false,"showMaterialUpdate":false,"showSkybox":false,"showFlares":false,"showImageEffects":false,"showParticleSystems":true},"in2DMode":false,"pivot":{"x":0.3066139221191406,"y":0.9156370162963867,"z":-0.9771451354026794},"rotation":{"x":-0.11844959110021591,"y":-0.7031128406524658,"z":0.12057299166917801,"w":-0.6909448504447937},"size":26.14091682434082,"orthographic":false}