{"cameraMode":{"drawMode":0,"name":"Shaded","section":"Shading Mode"},"sceneLighting":false,"audioPlay":false,"sceneViewState":{"showFog":false,"showMaterialUpdate":false,"showSkybox":false,"showFlares":false,"showImageEffects":false,"showParticleSystems":true},"in2DMode":false,"pivot":{"x":-1.4791667461395264,"y":1.9229174852371216,"z":-1.775266408920288},"rotation":{"x":-0.4550563097000122,"y":-0.03793373331427574,"z":0.01944388449192047,"w":-0.8896486163139343},"size":2.462085008621216,"orthographic":false}