{"cameraMode":{"drawMode":0,"name":"Shaded","section":"Shading Mode"},"sceneLighting":false,"audioPlay":false,"sceneViewState":{"showFog":false,"showMaterialUpdate":false,"showSkybox":false,"showFlares":false,"showImageEffects":false,"showParticleSystems":true},"in2DMode":false,"pivot":{"x":0.017176248133182527,"y":0.4910372793674469,"z":0.5471358299255371},"rotation":{"x":-0.45663389563560488,"y":-0.023146983236074449,"z":0.012086466886103154,"w":-0.8894468545913696},"size":3.44372296333313,"orthographic":false}