{"cameraMode":{"drawMode":0,"name":"Shaded","section":"Shading Mode"},"sceneLighting":true,"audioPlay":false,"sceneViewState":{"showFog":false,"showMaterialUpdate":false,"showSkybox":false,"showFlares":false,"showImageEffects":false,"showParticleSystems":true},"in2DMode":false,"pivot":{"x":1.5045170783996583,"y":11.521506309509278,"z":-20.279321670532228},"rotation":{"x":-0.25935637950897219,"y":-0.06035640090703964,"z":0.016113335266709329,"w":-0.9640183448791504},"size":2.000518798828125,"orthographic":false}