{"cameraMode":{"drawMode":0,"name":"Shaded","section":"Shading Mode"},"sceneLighting":true,"audioPlay":false,"sceneViewState":{"showFog":false,"showMaterialUpdate":false,"showSkybox":false,"showFlares":false,"showImageEffects":false,"showParticleSystems":true},"in2DMode":false,"pivot":{"x":7.111423492431641,"y":-33.49769592285156,"z":35.473670959472659},"rotation":{"x":-0.46515390276908877,"y":-0.181343674659729,"z":0.09812124073505402,"w":-0.8610999584197998},"size":62.88872146606445,"orthographic":false}