{"cameraMode":{"drawMode":0,"name":"Shaded","section":"Shading Mode"},"sceneLighting":true,"audioPlay":false,"sceneViewState":{"showFog":true,"showMaterialUpdate":false,"showSkybox":true,"showFlares":true,"showImageEffects":true,"showParticleSystems":true},"in2DMode":false,"pivot":{"x":-7.3186163902282719,"y":1.0559513568878174,"z":-2.332526206970215},"rotation":{"x":0.06557919085025788,"y":0.5177408456802368,"z":-0.03984436020255089,"w":0.8520947694778442},"size":1.8290458917617798,"orthographic":false}